{"cameraMode":{"drawMode":0,"name":"Shaded","section":"Shading Mode"},"sceneLighting":false,"audioPlay":false,"sceneViewState":{"showFog":true,"showMaterialUpdate":false,"showSkybox":false,"showFlares":true,"showImageEffects":true,"showParticleSystems":true,"showVisualEffectGraphs":true,"m_FxEnabled":true},"in2DMode":false,"pivot":{"x":-0.11200693249702454,"y":0.29488810896873476,"z":0.6162911653518677},"rotation":{"x":-0.07476995885372162,"y":0.06517842411994934,"z":-0.004897123668342829,"w":-0.9950637817382813},"size":0.7441155314445496,"orthographic":false}