{"cameraMode":{"drawMode":0,"name":"Shaded","section":"Shading Mode"},"sceneLighting":false,"audioPlay":false,"sceneViewState":{"showFog":true,"showMaterialUpdate":false,"showSkybox":false,"showFlares":true,"showImageEffects":true,"showParticleSystems":true,"showVisualEffectGraphs":true,"m_FxEnabled":true},"in2DMode":false,"pivot":{"x":0.022495687007904054,"y":0.33015909790992739,"z":0.573165774345398},"rotation":{"x":0.4354955554008484,"y":-0.45589253306388857,"z":0.27327603101730349,"w":0.7265170812606812},"size":0.7291228175163269,"orthographic":true}