{"cameraMode":{"drawMode":0,"name":"Shaded","section":"Shading Mode"},"sceneLighting":false,"audioPlay":false,"sceneViewState":{"showFog":true,"showMaterialUpdate":false,"showSkybox":false,"showFlares":true,"showImageEffects":true,"showParticleSystems":true,"showVisualEffectGraphs":true,"m_FxEnabled":true},"in2DMode":false,"pivot":{"x":-0.005147218704223633,"y":0.9498814344406128,"z":0.013808012008666993},"rotation":{"x":-0.003800880629569292,"y":-0.5353246331214905,"z":-0.0024089773651212456,"w":0.844634473323822},"size":2.598907232284546,"orthographic":true}