{"cameraMode":{"drawMode":0,"name":"Shaded","section":"Shading Mode"},"sceneLighting":false,"audioPlay":false,"sceneViewState":{"showFog":true,"showMaterialUpdate":false,"showSkybox":false,"showFlares":true,"showImageEffects":true,"showParticleSystems":true,"showVisualEffectGraphs":true,"m_FxEnabled":true},"in2DMode":false,"pivot":{"x":0.07993131875991821,"y":0.20022599399089814,"z":-0.028825312852859498},"rotation":{"x":0.06491634994745255,"y":-0.42979297041893008,"z":0.030998704954981805,"w":0.9000579118728638},"size":0.28934693336486819,"orthographic":true}