{"cameraMode":{"drawMode":0,"name":"Shaded","section":"Shading Mode"},"sceneLighting":false,"audioPlay":false,"sceneViewState":{"showFog":true,"showMaterialUpdate":false,"showSkybox":false,"showFlares":true,"showImageEffects":true,"showParticleSystems":true,"showVisualEffectGraphs":true,"m_FxEnabled":true},"in2DMode":false,"pivot":{"x":-0.04470231384038925,"y":-0.052984245121479037,"z":-0.005289316177368164},"rotation":{"x":0.02698693238198757,"y":-0.02698691189289093,"z":0.0007289028726518154,"w":0.9992740154266357},"size":0.34641021490097048,"orthographic":false}