{"cameraMode":{"drawMode":0,"name":"Shaded","section":"Shading Mode"},"sceneLighting":true,"audioPlay":false,"sceneViewState":{"showFog":true,"showMaterialUpdate":false,"showSkybox":true,"showFlares":true,"showImageEffects":true,"showParticleSystems":true,"showVisualEffectGraphs":true,"m_FxEnabled":true},"in2DMode":false,"pivot":{"x":415.67864990234377,"y":213.401611328125,"z":-31.798858642578126},"rotation":{"x":0.028491534292697908,"y":0.017991753295063974,"z":-0.0005129058845341206,"w":0.9994329214096069},"size":218.717041015625,"orthographic":false}